{"type": "FeatureCollection", "features": [{"type": "Feature", "geometry": {"coordinates": [[77.594568, 12.971606], [77.600729, 12.970384], [77.600328, 12.968008], [77.604087, 12.970562], [77.606936, 12.971366], [77.6062, 12.96856], [77.60674, 12.962493], [77.605196, 12.951867], [77.608325, 12.941984], [77.614948, 12.929869], [77.629033, 12.924202], [77.636691, 12.925333], [77.64129, 12.923412], [77.645317, 12.924507], [77.651788, 12.924295], [77.651788, 12.915043], [77.651852, 12.91278], [77.651827, 12.911984], [77.651825, 12.912161], [77.651824, 12.912266], [77.651707, 12.915634], [77.651079, 12.91583], [77.648999, 12.915773], [77.649249, 12.918589], [77.648816, 12.919455], [77.646642, 12.919976], [77.645499, 12.920055], [77.645071, 12.921284], [77.645071, 12.921284], [77.644933, 12.922102], [77.647417, 12.92409], [77.650899, 12.924501], [77.665311, 12.920661], [77.673544, 12.916834], [77.668796, 12.918673], [77.667031, 12.914739], [77.66523, 12.915268], [77.664786, 12.913835], [77.66523, 12.915268], [77.667031, 12.914739], [77.668755, 12.918738], [77.665281, 12.92046], [77.649727, 12.924611], [77.64516, 12.924424], [77.641351, 12.923339], [77.636806, 12.925221], [77.629017, 12.924118], [77.61508, 12.929506], [77.608117, 12.942287], [77.605129, 12.951792], [77.606761, 12.966159], [77.604272, 12.972229], [77.601438, 12.972928], [77.600729, 12.970384], [77.594568, 12.971606]], "type": "LineString"}, "properties": {"prop0": "value0"}}, {"type": "Feature", "geometry": {"type": "Point", "coordinates": [77.5946, 12.9716]}, "properties": {"name": "Point", "marker-color": "#F00"}}, {"type": "Feature", "geometry": {"type": "Point", "coordinates": [77.6516891, 12.9150377]}, "properties": {"name": "Point"}}, {"type": "Feature", "geometry": {"type": "Point", "coordinates": [77.651679, 12.9127747]}, "properties": {"name": "Point"}}, {"type": "Feature", "geometry": {"type": "Point", "coordinates": [77.65181775, 12.91198415]}, "properties": {"name": "Point"}}, {"type": "Feature", "geometry": {"type": "Point", "coordinates": [77.6516733, 12.9121594]}, "properties": {"name": "Point"}}, {"type": "Feature", "geometry": {"type": "Point", "coordinates": [77.6518103, 12.91226555]}, "properties": {"name": "Point"}}, {"type": "Feature", "geometry": {"type": "Point", "coordinates": [77.6516664, 12.9156333]}, "properties": {"name": "Point"}}, {"type": "Feature", "geometry": {"type": "Point", "coordinates": [77.6510735, 12.9159968]}, "properties": {"name": "Point"}}, {"type": "Feature", "geometry": {"type": "Point", "coordinates": [77.6492282, 12.91859]}, "properties": {"name": "Point"}}, {"type": "Feature", "geometry": {"type": "Point", "coordinates": [77.6488143, 12.919489]}, "properties": {"name": "Point"}}, {"type": "Feature", "geometry": {"type": "Point", "coordinates": [77.6466365, 12.9199064]}, "properties": {"name": "Point"}}, {"type": "Feature", "geometry": {"type": "Point", "coordinates": [77.6452718, 12.921276]}, "properties": {"name": "Point"}}, {"type": "Feature", "geometry": {"type": "Point", "coordinates": [77.6452718, 12.921276]}, "properties": {"name": "Point"}}, {"type": "Feature", "geometry": {"type": "Point", "coordinates": [77.6648178, 12.9138247]}, "properties": {"name": "Point"}}, {"type": "Feature", "geometry": {"type": "Point", "coordinates": [77.5946, 12.9716]}, "properties": {"name": "Point", "marker-color": "#F00"}}]}