{"type": "FeatureCollection", "features": [{"type": "Feature", "geometry": {"coordinates": [[77.594568, 12.971606], [77.595079, 12.971678], [77.59393, 12.972186], [77.595053, 12.973515], [77.599046, 12.976557], [77.601772, 12.976644], [77.602485, 12.97933], [77.614455, 12.975389], [77.613901, 12.973763], [77.619544, 12.972663], [77.620445, 12.967036], [77.622726, 12.96716], [77.625027, 12.966203], [77.626498, 12.963452], [77.628671, 12.96226], [77.632281, 12.961256], [77.634273, 12.961726], [77.650896, 12.959624], [77.661418, 12.959358], [77.672223, 12.957913], [77.680394, 12.954464], [77.698739, 12.957072], [77.702806, 12.95686], [77.702804, 12.959335], [77.701328, 12.959341], [77.699764, 12.951101], [77.699375, 12.948916], [77.698685, 12.946545], [77.698481, 12.945954], [77.695406, 12.939388], [77.692142, 12.940191], [77.690738, 12.939554], [77.692142, 12.940191], [77.69519, 12.939421], [77.69748, 12.94344], [77.699618, 12.951061], [77.699861, 12.952246], [77.701044, 12.956784], [77.701671, 12.96259], [77.701671, 12.96259], [77.702099, 12.967058], [77.7014, 12.95986], [77.7014, 12.95986], [77.701641, 12.956945], [77.714802, 12.956014], [77.713237, 12.963178], [77.714729, 12.963429], [77.71625, 12.963684], [77.716063, 12.964674], [77.718243, 12.96481], [77.714798, 12.955777], [77.704676, 12.956631], [77.702206, 12.956796], [77.702729, 12.954753], [77.702729, 12.954753], [77.702729, 12.954753], [77.702729, 12.954753], [77.702729, 12.954753], [77.702729, 12.954753], [77.702729, 12.954753], [77.702206, 12.956796], [77.699219, 12.95701], [77.680374, 12.954357], [77.672221, 12.957835], [77.661158, 12.959259], [77.650885, 12.959531], [77.634317, 12.961648], [77.632218, 12.961148], [77.626446, 12.963384], [77.624872, 12.966191], [77.622688, 12.967061], [77.620494, 12.966656], [77.619576, 12.965508], [77.617707, 12.965347], [77.606033, 12.968411], [77.604272, 12.972229], [77.603259, 12.972852], [77.601372, 12.972888], [77.600729, 12.970384], [77.594568, 12.971606]], "type": "LineString"}, "properties": {"prop0": "value0"}}, {"type": "Feature", "geometry": {"type": "Point", "coordinates": [77.5946, 12.9716]}, "properties": {"name": "Point", "marker-color": "#F00"}}, {"type": "Feature", "geometry": {"type": "Point", "coordinates": [77.69977544, 12.95109887]}, "properties": {"name": "Point"}}, {"type": "Feature", "geometry": {"type": "Point", "coordinates": [77.69939541, 12.94891258]}, "properties": {"name": "Point"}}, {"type": "Feature", "geometry": {"type": "Point", "coordinates": [77.69867333, 12.94654941]}, "properties": {"name": "Point"}}, {"type": "Feature", "geometry": {"type": "Point", "coordinates": [77.69846735, 12.94595925]}, "properties": {"name": "Point"}}, {"type": "Feature", "geometry": {"type": "Point", "coordinates": [77.690648, 12.939614]}, "properties": {"name": "Point"}}, {"type": "Feature", "geometry": {"type": "Point", "coordinates": [77.69964779, 12.95105552]}, "properties": {"name": "Point"}}, {"type": "Feature", "geometry": {"type": "Point", "coordinates": [77.69987306, 12.95224327]}, "properties": {"name": "Point"}}, {"type": "Feature", "geometry": {"type": "Point", "coordinates": [77.70106635, 12.95678025]}, "properties": {"name": "Point"}}, {"type": "Feature", "geometry": {"type": "Point", "coordinates": [77.70168021, 12.96258945]}, "properties": {"name": "Point"}}, {"type": "Feature", "geometry": {"type": "Point", "coordinates": [77.70168021, 12.96258945]}, "properties": {"name": "Point"}}, {"type": "Feature", "geometry": {"type": "Point", "coordinates": [77.7013341, 12.959869]}, "properties": {"name": "Point"}}, {"type": "Feature", "geometry": {"type": "Point", "coordinates": [77.7013341, 12.959869]}, "properties": {"name": "Point"}}, {"type": "Feature", "geometry": {"type": "Point", "coordinates": [77.71473445, 12.9634008]}, "properties": {"name": "Point"}}, {"type": "Feature", "geometry": {"type": "Point", "coordinates": [77.7046659, 12.9565074]}, "properties": {"name": "Point"}}, {"type": "Feature", "geometry": {"type": "Point", "coordinates": [77.70270538, 12.95452595]}, "properties": {"name": "Point"}}, {"type": "Feature", "geometry": {"type": "Point", "coordinates": [77.70270538, 12.95452595]}, "properties": {"name": "Point"}}, {"type": "Feature", "geometry": {"type": "Point", "coordinates": [77.70270538, 12.95452595]}, "properties": {"name": "Point"}}, {"type": "Feature", "geometry": {"type": "Point", "coordinates": [77.70270538, 12.95452595]}, "properties": {"name": "Point"}}, {"type": "Feature", "geometry": {"type": "Point", "coordinates": [77.70270538, 12.95452595]}, "properties": {"name": "Point"}}, {"type": "Feature", "geometry": {"type": "Point", "coordinates": [77.70270538, 12.95452595]}, "properties": {"name": "Point"}}, {"type": "Feature", "geometry": {"type": "Point", "coordinates": [77.70270538, 12.95452595]}, "properties": {"name": "Point"}}, {"type": "Feature", "geometry": {"type": "Point", "coordinates": [77.5946, 12.9716]}, "properties": {"name": "Point", "marker-color": "#F00"}}]}